run,rac_position,p120_arm_position,ctnnd1_canonical_position,mean_contact_probability,minimum_contact_probability,models_at_or_above_0.5,rac1b_insertion
RAC1B,78,88,437,0.43,0.43,0,True
RAC1B,78,46,395,0.38,0.38,0,True
RAC1B,79,84,433,0.38,0.38,0,True
RAC1B,76,128,477,0.36,0.36,0,True
RAC1B,76,125,474,0.35,0.35,0,True
RAC1B,79,81,430,0.34,0.34,0,True
RAC1B,69,239,588,0.33,0.33,0,False
RAC1B,75,88,437,0.33,0.33,0,False
RAC1B,77,88,437,0.33,0.33,0,True
RAC1B,69,190,539,0.32,0.32,0,False
RAC1B,79,85,434,0.32,0.32,0,True
RAC1B,79,46,395,0.31,0.31,0,True
RAC1B,67,334,689,0.3,0.3,0,False
RAC1B,76,180,529,0.3,0.3,0,True
RAC1B,80,46,395,0.3,0.3,0,True
RAC1,31,338,693,0.43,0.43,0,False
RAC1,34,190,539,0.35,0.35,0,False
RAC1,34,239,588,0.34,0.34,0,False
RAC1,35,190,539,0.32,0.32,0,False
RAC1,30,338,693,0.31,0.31,0,False
RAC1,36,187,536,0.3,0.3,0,False
