isoform,seed,model,iptm,ptm,ranking_score,pair_pae_min
RAC1B,202,0,0.2,0.64,0.35,12.47
RAC1B,202,1,0.19,0.64,0.34,12.58
RAC1B,202,2,0.16,0.64,0.31,15.02
RAC1B,202,3,0.15,0.64,0.3,13.79
RAC1B,202,4,0.14,0.64,0.29,14.71
RAC1B,303,0,0.17,0.64,0.32,15.51
RAC1B,303,1,0.16,0.64,0.32,15.73
RAC1B,303,2,0.16,0.64,0.31,14.76
RAC1B,303,3,0.15,0.63,0.3,16.17
RAC1B,303,4,0.13,0.62,0.29,17.98
RAC1B,404,0,0.29,0.63,0.42,11.85
RAC1B,404,1,0.23,0.64,0.38,14.51
RAC1B,404,2,0.17,0.63,0.31,16.28
RAC1B,404,3,0.15,0.63,0.3,13.26
RAC1B,404,4,0.14,0.63,0.3,13.98
RAC1,202,0,0.21,0.66,0.35,15.43
RAC1,202,1,0.19,0.65,0.33,16.01
RAC1,202,2,0.19,0.65,0.33,17.88
RAC1,202,3,0.19,0.65,0.33,17.89
RAC1,202,4,0.17,0.65,0.31,18.29
RAC1,303,0,0.28,0.64,0.43,11.9
RAC1,303,1,0.28,0.63,0.42,11.6
RAC1,303,2,0.15,0.64,0.33,12.79
RAC1,303,3,0.14,0.64,0.29,17.74
RAC1,303,4,0.13,0.64,0.29,16.69
RAC1,404,0,0.27,0.63,0.4,10.55
RAC1,404,1,0.23,0.66,0.37,11.99
RAC1,404,2,0.22,0.66,0.36,12.08
RAC1,404,3,0.21,0.65,0.35,12.1
RAC1,404,4,0.2,0.66,0.34,11.21
