isoform,seed,ctnnd1_position,max_mean_contact_probability,source_residues
RAC1B,202,395,0.38,RAC1B insertion 76-94
RAC1B,202,430,0.34,RAC1B insertion 76-94
RAC1B,202,433,0.38,RAC1B insertion 76-94
RAC1B,202,434,0.32,RAC1B insertion 76-94
RAC1B,202,437,0.43,RAC1B insertion 76-94
RAC1B,202,474,0.35,RAC1B insertion 76-94
RAC1B,202,477,0.36,RAC1B insertion 76-94
RAC1B,303,395,0.29,RAC1B insertion 76-94
RAC1B,303,430,0.25,RAC1B insertion 76-94
RAC1B,303,433,0.26,RAC1B insertion 76-94
RAC1B,303,434,0.24,RAC1B insertion 76-94
RAC1B,303,437,0.25,RAC1B insertion 76-94
RAC1B,303,474,0.16,RAC1B insertion 76-94
RAC1B,303,477,0.19,RAC1B insertion 76-94
RAC1B,404,395,0.52,RAC1B insertion 76-94
RAC1B,404,430,0.43,RAC1B insertion 76-94
RAC1B,404,433,0.46,RAC1B insertion 76-94
RAC1B,404,434,0.4,RAC1B insertion 76-94
RAC1B,404,437,0.47,RAC1B insertion 76-94
RAC1B,404,474,0.48,RAC1B insertion 76-94
RAC1B,404,477,0.45,RAC1B insertion 76-94
RAC1,202,395,0.23,RAC1 all residues
RAC1,202,430,0.19,RAC1 all residues
RAC1,202,433,0.17,RAC1 all residues
RAC1,202,434,0.17,RAC1 all residues
RAC1,202,437,0.22,RAC1 all residues
RAC1,202,474,0.16,RAC1 all residues
RAC1,202,477,0.19,RAC1 all residues
RAC1,303,395,0.3,RAC1 all residues
RAC1,303,430,0.17,RAC1 all residues
RAC1,303,433,0.29,RAC1 all residues
RAC1,303,434,0.21,RAC1 all residues
RAC1,303,437,0.39,RAC1 all residues
RAC1,303,474,0.25,RAC1 all residues
RAC1,303,477,0.44,RAC1 all residues
RAC1,404,395,0.6,RAC1 all residues
RAC1,404,430,0.36,RAC1 all residues
RAC1,404,433,0.4,RAC1 all residues
RAC1,404,434,0.4,RAC1 all residues
RAC1,404,437,0.55,RAC1 all residues
RAC1,404,474,0.26,RAC1 all residues
RAC1,404,477,0.36,RAC1 all residues
