protein,native_residue,rac1b_aligned_residue,mean_max_p120_contact_probability,rac1b_insertion
RAC1B,1,1,0.05,False
RAC1B,2,2,0.08,False
RAC1B,3,3,0.15,False
RAC1B,4,4,0.07,False
RAC1B,5,5,0.13,False
RAC1B,6,6,0.01,False
RAC1B,7,7,0.11,False
RAC1B,8,8,0.02,False
RAC1B,9,9,0.11,False
RAC1B,10,10,0.04,False
RAC1B,11,11,0.05,False
RAC1B,12,12,0.04,False
RAC1B,13,13,0.02,False
RAC1B,14,14,0.01,False
RAC1B,15,15,0.02,False
RAC1B,16,16,0.03,False
RAC1B,17,17,0.01,False
RAC1B,18,18,0.01,False
RAC1B,19,19,0.0,False
RAC1B,20,20,0.02,False
RAC1B,21,21,0.02,False
RAC1B,22,22,0.07,False
RAC1B,23,23,0.16,False
RAC1B,24,24,0.15,False
RAC1B,25,25,0.11,False
RAC1B,26,26,0.23,False
RAC1B,27,27,0.02,False
RAC1B,28,28,0.02,False
RAC1B,29,29,0.01,False
RAC1B,30,30,0.02,False
RAC1B,31,31,0.02,False
RAC1B,32,32,0.02,False
RAC1B,33,33,0.02,False
RAC1B,34,34,0.03,False
RAC1B,35,35,0.03,False
RAC1B,36,36,0.03,False
RAC1B,37,37,0.02,False
RAC1B,38,38,0.1,False
RAC1B,39,39,0.12,False
RAC1B,40,40,0.11,False
RAC1B,41,41,0.11,False
RAC1B,42,42,0.21,False
RAC1B,43,43,0.13,False
RAC1B,44,44,0.15,False
RAC1B,45,45,0.09,False
RAC1B,46,46,0.09,False
RAC1B,47,47,0.04,False
RAC1B,48,48,0.03,False
RAC1B,49,49,0.02,False
RAC1B,50,50,0.06,False
RAC1B,51,51,0.02,False
RAC1B,52,52,0.11,False
RAC1B,53,53,0.08,False
RAC1B,54,54,0.09,False
RAC1B,55,55,0.04,False
RAC1B,56,56,0.08,False
RAC1B,57,57,0.03,False
RAC1B,58,58,0.16,False
RAC1B,59,59,0.04,False
RAC1B,60,60,0.03,False
RAC1B,61,61,0.1,False
RAC1B,62,62,0.07,False
RAC1B,63,63,0.17,False
RAC1B,64,64,0.12,False
RAC1B,65,65,0.14,False
RAC1B,66,66,0.2,False
RAC1B,67,67,0.2,False
RAC1B,68,68,0.14,False
RAC1B,69,69,0.21,False
RAC1B,70,70,0.25,False
RAC1B,71,71,0.26,False
RAC1B,72,72,0.25,False
RAC1B,73,73,0.34,False
RAC1B,74,74,0.46,False
RAC1B,75,75,0.47,False
RAC1B,76,76,0.57,True
RAC1B,77,77,0.56,True
RAC1B,78,78,0.61,True
RAC1B,79,79,0.58,True
RAC1B,80,80,0.67,True
RAC1B,81,81,0.5,True
RAC1B,82,82,0.31,True
RAC1B,83,83,0.25,True
RAC1B,84,84,0.3,True
RAC1B,85,85,0.2,True
RAC1B,86,86,0.2,True
RAC1B,87,87,0.11,True
RAC1B,88,88,0.13,True
RAC1B,89,89,0.09,True
RAC1B,90,90,0.11,True
RAC1B,91,91,0.13,True
RAC1B,92,92,0.16,True
RAC1B,93,93,0.21,True
RAC1B,94,94,0.09,True
RAC1B,95,95,0.14,False
RAC1B,96,96,0.01,False
RAC1B,97,97,0.02,False
RAC1B,98,98,0.0,False
RAC1B,99,99,0.0,False
RAC1B,100,100,0.0,False
RAC1B,101,101,0.0,False
RAC1B,102,102,0.0,False
RAC1B,103,103,0.0,False
RAC1B,104,104,0.0,False
RAC1B,105,105,0.01,False
RAC1B,106,106,0.01,False
RAC1B,107,107,0.02,False
RAC1B,108,108,0.02,False
RAC1B,109,109,0.0,False
RAC1B,110,110,0.02,False
RAC1B,111,111,0.02,False
RAC1B,112,112,0.0,False
RAC1B,113,113,0.01,False
RAC1B,114,114,0.02,False
RAC1B,115,115,0.03,False
RAC1B,116,116,0.02,False
RAC1B,117,117,0.0,False
RAC1B,118,118,0.01,False
RAC1B,119,119,0.18,False
RAC1B,120,120,0.05,False
RAC1B,121,121,0.01,False
RAC1B,122,122,0.08,False
RAC1B,123,123,0.18,False
RAC1B,124,124,0.11,False
RAC1B,125,125,0.1,False
RAC1B,126,126,0.11,False
RAC1B,127,127,0.07,False
RAC1B,128,128,0.02,False
RAC1B,129,129,0.0,False
RAC1B,130,130,0.0,False
RAC1B,131,131,0.0,False
RAC1B,132,132,0.0,False
RAC1B,133,133,0.0,False
RAC1B,134,134,0.0,False
RAC1B,135,135,0.01,False
RAC1B,136,136,0.02,False
RAC1B,137,137,0.01,False
RAC1B,138,138,0.01,False
RAC1B,139,139,0.0,False
RAC1B,140,140,0.0,False
RAC1B,141,141,0.0,False
RAC1B,142,142,0.0,False
RAC1B,143,143,0.0,False
RAC1B,144,144,0.0,False
RAC1B,145,145,0.0,False
RAC1B,146,146,0.0,False
RAC1B,147,147,0.0,False
RAC1B,148,148,0.0,False
RAC1B,149,149,0.0,False
RAC1B,150,150,0.0,False
RAC1B,151,151,0.01,False
RAC1B,152,152,0.0,False
RAC1B,153,153,0.01,False
RAC1B,154,154,0.01,False
RAC1B,155,155,0.0,False
RAC1B,156,156,0.01,False
RAC1B,157,157,0.01,False
RAC1B,158,158,0.03,False
RAC1B,159,159,0.01,False
RAC1B,160,160,0.01,False
RAC1B,161,161,0.0,False
RAC1B,162,162,0.05,False
RAC1B,163,163,0.01,False
RAC1B,164,164,0.0,False
RAC1B,165,165,0.04,False
RAC1B,166,166,0.04,False
RAC1B,167,167,0.0,False
RAC1B,168,168,0.0,False
RAC1B,169,169,0.02,False
RAC1B,170,170,0.04,False
RAC1B,171,171,0.04,False
RAC1B,172,172,0.06,False
RAC1B,173,173,0.04,False
RAC1B,174,174,0.05,False
RAC1B,175,175,0.05,False
RAC1B,176,176,0.02,False
RAC1B,177,177,0.01,False
RAC1B,178,178,0.01,False
RAC1B,179,179,0.02,False
RAC1B,180,180,0.02,False
RAC1B,181,181,0.16,False
RAC1B,182,182,0.05,False
RAC1B,183,183,0.05,False
RAC1B,184,184,0.14,False
RAC1B,185,185,0.19,False
RAC1B,186,186,0.06,False
RAC1B,187,187,0.01,False
RAC1B,188,188,0.06,False
RAC1B,189,189,0.1,False
RAC1B,190,190,0.01,False
RAC1B,191,191,0.01,False
RAC1B,192,192,0.03,False
RAC1B,193,193,0.02,False
RAC1B,194,194,0.01,False
RAC1B,195,195,0.06,False
RAC1B,196,196,0.03,False
RAC1B,197,197,0.03,False
RAC1B,198,198,0.03,False
RAC1B,199,199,0.02,False
RAC1B,200,200,0.02,False
RAC1B,201,201,0.02,False
RAC1B,202,202,0.01,False
RAC1B,203,203,0.02,False
RAC1B,204,204,0.02,False
RAC1B,205,205,0.02,False
RAC1B,206,206,0.02,False
RAC1B,207,207,0.02,False
RAC1B,208,208,0.04,False
RAC1B,209,209,0.05,False
RAC1B,210,210,0.04,False
RAC1B,211,211,0.05,False
RAC1,1,1,0.09,False
RAC1,2,2,0.06,False
RAC1,3,3,0.05,False
RAC1,4,4,0.03,False
RAC1,5,5,0.05,False
RAC1,6,6,0.01,False
RAC1,7,7,0.01,False
RAC1,8,8,0.01,False
RAC1,9,9,0.0,False
RAC1,10,10,0.0,False
RAC1,11,11,0.0,False
RAC1,12,12,0.01,False
RAC1,13,13,0.01,False
RAC1,14,14,0.01,False
RAC1,15,15,0.02,False
RAC1,16,16,0.02,False
RAC1,17,17,0.03,False
RAC1,18,18,0.04,False
RAC1,19,19,0.03,False
RAC1,20,20,0.07,False
RAC1,21,21,0.07,False
RAC1,22,22,0.05,False
RAC1,23,23,0.11,False
RAC1,24,24,0.11,False
RAC1,25,25,0.19,False
RAC1,26,26,0.22,False
RAC1,27,27,0.21,False
RAC1,28,28,0.26,False
RAC1,29,29,0.15,False
RAC1,30,30,0.21,False
RAC1,31,31,0.23,False
RAC1,32,32,0.25,False
RAC1,33,33,0.25,False
RAC1,34,34,0.25,False
RAC1,35,35,0.22,False
RAC1,36,36,0.26,False
RAC1,37,37,0.26,False
RAC1,38,38,0.4,False
RAC1,39,39,0.23,False
RAC1,40,40,0.32,False
RAC1,41,41,0.21,False
RAC1,42,42,0.21,False
RAC1,43,43,0.22,False
RAC1,44,44,0.21,False
RAC1,45,45,0.19,False
RAC1,46,46,0.18,False
RAC1,47,47,0.13,False
RAC1,48,48,0.1,False
RAC1,49,49,0.09,False
RAC1,50,50,0.19,False
RAC1,51,51,0.06,False
RAC1,52,52,0.08,False
RAC1,53,53,0.08,False
RAC1,54,54,0.06,False
RAC1,55,55,0.08,False
RAC1,56,56,0.12,False
RAC1,57,57,0.1,False
RAC1,58,58,0.1,False
RAC1,59,59,0.1,False
RAC1,60,60,0.12,False
RAC1,61,61,0.14,False
RAC1,62,62,0.03,False
RAC1,63,63,0.05,False
RAC1,64,64,0.11,False
RAC1,65,65,0.06,False
RAC1,66,66,0.17,False
RAC1,67,67,0.24,False
RAC1,68,68,0.02,False
RAC1,69,69,0.17,False
RAC1,70,70,0.21,False
RAC1,71,71,0.14,False
RAC1,72,72,0.04,False
RAC1,73,73,0.15,False
RAC1,74,74,0.07,False
RAC1,75,75,0.01,False
RAC1,76,95,0.03,False
RAC1,77,96,0.01,False
RAC1,78,97,0.0,False
RAC1,79,98,0.0,False
RAC1,80,99,0.0,False
RAC1,81,100,0.0,False
RAC1,82,101,0.0,False
RAC1,83,102,0.01,False
RAC1,84,103,0.0,False
RAC1,85,104,0.01,False
RAC1,86,105,0.01,False
RAC1,87,106,0.01,False
RAC1,88,107,0.01,False
RAC1,89,108,0.0,False
RAC1,90,109,0.01,False
RAC1,91,110,0.01,False
RAC1,92,111,0.0,False
RAC1,93,112,0.0,False
RAC1,94,113,0.01,False
RAC1,95,114,0.01,False
RAC1,96,115,0.02,False
RAC1,97,116,0.0,False
RAC1,98,117,0.0,False
RAC1,99,118,0.04,False
RAC1,100,119,0.06,False
RAC1,101,120,0.01,False
RAC1,102,121,0.01,False
RAC1,103,122,0.08,False
RAC1,104,123,0.07,False
RAC1,105,124,0.01,False
RAC1,106,125,0.01,False
RAC1,107,126,0.01,False
RAC1,108,127,0.01,False
RAC1,109,128,0.03,False
RAC1,110,129,0.0,False
RAC1,111,130,0.0,False
RAC1,112,131,0.0,False
RAC1,113,132,0.0,False
RAC1,114,133,0.0,False
RAC1,115,134,0.0,False
RAC1,116,135,0.01,False
RAC1,117,136,0.01,False
RAC1,118,137,0.0,False
RAC1,119,138,0.01,False
RAC1,120,139,0.01,False
RAC1,121,140,0.0,False
RAC1,122,141,0.0,False
RAC1,123,142,0.0,False
RAC1,124,143,0.0,False
RAC1,125,144,0.01,False
RAC1,126,145,0.0,False
RAC1,127,146,0.0,False
RAC1,128,147,0.01,False
RAC1,129,148,0.01,False
RAC1,130,149,0.0,False
RAC1,131,150,0.0,False
RAC1,132,151,0.01,False
RAC1,133,152,0.0,False
RAC1,134,153,0.01,False
RAC1,135,154,0.01,False
RAC1,136,155,0.01,False
RAC1,137,156,0.01,False
RAC1,138,157,0.01,False
RAC1,139,158,0.02,False
RAC1,140,159,0.01,False
RAC1,141,160,0.01,False
RAC1,142,161,0.0,False
RAC1,143,162,0.02,False
RAC1,144,163,0.01,False
RAC1,145,164,0.0,False
RAC1,146,165,0.01,False
RAC1,147,166,0.01,False
RAC1,148,167,0.01,False
RAC1,149,168,0.0,False
RAC1,150,169,0.0,False
RAC1,151,170,0.01,False
RAC1,152,171,0.05,False
RAC1,153,172,0.02,False
RAC1,154,173,0.02,False
RAC1,155,174,0.02,False
RAC1,156,175,0.02,False
RAC1,157,176,0.01,False
RAC1,158,177,0.01,False
RAC1,159,178,0.01,False
RAC1,160,179,0.01,False
RAC1,161,180,0.01,False
RAC1,162,181,0.13,False
RAC1,163,182,0.01,False
RAC1,164,183,0.02,False
RAC1,165,184,0.06,False
RAC1,166,185,0.23,False
RAC1,167,186,0.02,False
RAC1,168,187,0.01,False
RAC1,169,188,0.18,False
RAC1,170,189,0.12,False
RAC1,171,190,0.02,False
RAC1,172,191,0.02,False
RAC1,173,192,0.1,False
RAC1,174,193,0.11,False
RAC1,175,194,0.05,False
RAC1,176,195,0.08,False
RAC1,177,196,0.11,False
RAC1,178,197,0.12,False
RAC1,179,198,0.05,False
RAC1,180,199,0.06,False
RAC1,181,200,0.04,False
RAC1,182,201,0.02,False
RAC1,183,202,0.03,False
RAC1,184,203,0.03,False
RAC1,185,204,0.03,False
RAC1,186,205,0.03,False
RAC1,187,206,0.03,False
RAC1,188,207,0.04,False
RAC1,189,208,0.06,False
RAC1,190,209,0.05,False
RAC1,191,210,0.05,False
RAC1,192,211,0.06,False
