gene,isoform_name,cavity_id,volume_a3,area_a2,mean_depth_a,max_depth_a,mean_hydropathy,residue_count,residues,touches_splice_neighborhood,inserted_residue_count,mean_residue_plddt,min_residue_plddt,fraction_residues_ge_70
PKM,PKM2,KAA,1011.96,716.97,3.22,9.62,0.32,59,50;51;52;53;73;74;75;77;78;79;83;84;113;114;115;117;118;119;120;177;178;179;206;207;208;209;210;211;212;213;214;215;216;218;243;244;246;270;272;273;274;275;291;293;294;295;296;299;300;327;328;329;332;335;360;362;363;366;367,False,0,96.27,90.62,1.0
PKM,PKM2,KAB,12.31,29.54,0.0,0.0,-1.2,8,121;142;157;159;174;176;183;209,False,0,97.99,97.19,1.0
PKM,PKM2,KAC,38.23,58.14,0.0,0.0,-0.35,10,114;116;220;221;225;229;242;243;245;254,False,0,96.81,91.06,1.0
PKM,PKM2,KAD,46.87,66.66,2.06,4.37,0.51,9,318;319;397;398;399;401;402;443;444,True,0,98.63,98.06,1.0
PKM,PKM2,KAE,10.15,17.05,0.36,1.2,-0.37,8,76;78;79;80;81;84;224;228,False,0,96.08,91.38,1.0
PKM,PKM2,KAF,66.53,84.67,0.0,0.0,1.13,12,317;318;321;322;323;357;439;442;443;445;466;467,False,0,98.83,98.56,1.0
PKM,PKM2,KAG,69.55,113.1,1.16,3.0,0.47,16,264;266;268;288;289;323;434;435;439;456;458;459;462;463;465;466,False,0,98.67,97.25,1.0
PKM,PKM2,KAH,9.5,19.13,0.16,0.6,1.01,6,321;436;439;440;443;466,False,0,98.57,97.94,1.0
PKM,PKM2,KAI,331.56,285.7,2.52,6.71,0.54,27,409;431;432;433;434;435;436;437;440;453;454;455;456;478;482;485;486;489;513;514;516;517;518;519;520;521;522,True,0,95.21,84.31,1.0
PKM,PKM2,KAJ,43.63,49.81,0.44,1.8,-0.72,10,26;29;30;33;353;388;389;390;391;394,True,0,98.77,98.62,1.0
PKM,PKM2,KAK,12.31,29.54,0.0,0.0,0.28,6,391;394;395;421;444;445,True,0,98.76,98.56,1.0
PKM,PKM2,KAL,215.35,223.84,1.16,4.61,-0.07,22,16;18;21;22;40;41;42;391;392;395;396;420;421;424;425;426;427;447;448;449;501;502,True,0,98.24,95.88,1.0
PKM,PKM2,KAM,16.85,32.3,0.0,0.0,-0.23,9,409;412;413;430;437;440;441;512;522,True,0,98.19,95.88,1.0
PKM,PKM2,KAN,16.85,32.3,0.0,0.0,1.09,8,44;442;445;446;448;450;467;468,False,0,98.82,98.69,1.0
PKM,PKM2,KAO,214.92,256.66,3.08,9.2,0.6,25,41;42;43;44;45;46;65;67;68;69;70;105;106;107;379;449;463;464;466;467;468;469;470;471;502,False,0,98.75,97.94,1.0
PKM,PKM2,KAP,70.85,96.41,0.75,2.47,0.24,15,91;92;95;96;105;107;108;109;110;236;238;457;460;461;473,False,0,98.83,98.62,1.0
PKM,PKM2,KAQ,86.18,111.6,0.0,0.0,0.62,12,16;39;40;42;44;383;386;387;391;446;447;467,True,0,98.39,95.88,1.0
PKM,PKM2,KAR,17.28,36.68,0.0,0.0,-0.26,9,432;435;452;454;459;460;463;471;472,True,0,98.68,98.25,1.0
PKM,PKM2,KAS,27.65,40.5,1.06,2.55,0.64,10,13;14;15;17;18;19;20;32;34;37,False,0,96.41,89.94,1.0
PKM,PKM2,KAT,12.96,19.5,0.38,1.2,-0.63,6,482;483;486;513;514;526,False,0,96.02,93.12,1.0
PKM,PKM2,KAU,14.69,26.17,0.62,1.8,-0.23,6,99;101;102;105;473;475,False,0,98.05,97.5,1.0
PKM,PKM2,KAV,5.62,12.38,0.0,0.0,-0.71,5,426;502;503;504;507,True,0,98.28,97.75,1.0
PKM,PKM1,KAA,12.31,29.54,0.0,0.0,-0.88,8,142;143;144;164;165;191;192;193,False,0,97.44,94.88,1.0
PKM,PKM1,KAB,1017.36,742.33,3.3,9.62,0.31,59,50;51;52;53;73;74;75;77;78;79;83;84;113;114;115;117;118;119;120;177;178;179;206;207;208;209;210;211;212;213;214;215;216;218;243;244;246;270;272;273;274;275;291;293;294;295;296;298;299;300;327;328;329;332;360;362;363;366;367,False,0,95.65,88.19,1.0
PKM,PKM1,KAC,7.78,17.1,0.0,0.0,-1.36,8,175;179;212;298;299;300;301;302,False,0,95.92,93.31,1.0
PKM,PKM1,KAD,12.31,29.54,0.0,0.0,-1.18,8,121;142;157;159;174;176;183;209,False,0,97.76,96.69,1.0
PKM,PKM1,KAE,27.86,44.27,0.0,0.0,-0.46,9,114;116;220;221;225;229;242;243;254,False,0,95.74,88.31,1.0
PKM,PKM1,KAF,34.56,53.02,1.7,3.84,0.59,8,318;319;398;399;401;402;443;444,True,0,96.07,90.06,1.0
PKM,PKM1,KAG,27.0,38.04,0.39,1.8,0.19,10,399;402;403;404;405;407;410;411;414;444,True,0,90.72,83.75,1.0
PKM,PKM1,KAH,73.66,97.72,0.0,0.0,1.01,12,317;318;321;322;323;357;439;442;443;445;466;467,False,0,98.52,97.44,1.0
PKM,PKM1,KAI,31.97,43.54,0.26,1.2,-0.68,10,26;29;30;33;353;388;389;390;391;394,True,0,97.78,94.81,1.0
PKM,PKM1,KAJ,7.78,15.29,0.45,1.34,0.71,5,321;439;440;443;466,False,0,97.86,96.94,1.0
PKM,PKM1,KAK,7.13,15.42,0.23,0.85,-0.9,7,76;78;79;81;84;224;228,False,0,95.53,90.56,1.0
PKM,PKM1,KAL,11.02,22.16,0.52,1.34,0.17,7,266;268;288;289;323;465;466,False,0,98.91,98.88,1.0
PKM,PKM1,KAM,140.18,114.25,1.2,4.2,0.62,12,18;21;22;23;391;392;395;418;421;422;424;447,True,0,94.84,90.62,1.0
PKM,PKM1,KAN,214.06,207.6,1.84,4.72,0.3,24,409;431;432;433;434;435;436;437;453;454;455;482;485;486;489;513;514;516;517;518;519;520;521;522,True,0,93.37,81.06,1.0
PKM,PKM1,KAO,26.78,45.96,1.0,2.55,0.42,10,264;266;433;434;435;439;458;459;462;463,True,0,98.06,95.88,1.0
PKM,PKM1,KAP,70.63,98.39,0.0,0.0,0.56,12,16;39;40;42;44;383;386;387;391;446;447;467,True,0,97.22,93.12,1.0
PKM,PKM1,KAQ,29.59,40.09,1.04,2.47,0.78,9,13;14;17;18;19;20;32;34;37,False,0,94.12,84.25,1.0
PKM,PKM1,KAR,153.36,164.43,1.66,5.3,-0.21,17,16;18;40;41;42;420;421;424;425;426;427;446;447;448;449;501;502,True,0,96.78,93.12,1.0
PKM,PKM1,KAS,201.31,244.42,2.87,8.34,0.66,22,41;42;43;44;45;46;65;67;68;69;70;106;107;379;449;464;466;468;469;470;471;502,False,0,98.58,97.0,1.0
PKM,PKM1,KAT,69.34,91.71,0.76,2.47,0.32,15,91;92;95;96;105;107;108;110;236;237;238;457;460;461;473,False,0,98.79,98.56,1.0
PKM,PKM1,KAU,21.17,39.07,0.0,0.0,-0.25,9,432;435;452;454;459;460;463;471;472,True,0,98.5,97.44,1.0
PKM,PKM1,KAV,12.31,29.54,0.0,0.0,-0.56,8,102;103;105;471;472;473;492;496,False,0,98.41,97.19,1.0
PKM,PKM1,KAW,8.21,16.99,0.42,1.34,-0.35,6,99;101;102;105;473;475,False,0,97.83,97.06,1.0
RAC1,RAC1,KAA,7.56,15.12,0.07,0.6,-0.39,9,102;107;108;109;110;152;175;179;180,False,0,92.24,70.44,1.0
RAC1,RAC1,KAB,34.13,43.91,0.91,2.4,0.42,9,36;37;57;58;59;64;67;68;71,True,0,94.1,84.06,1.0
RAC1,RAC1,KAC,72.58,83.71,1.67,4.95,-0.11,12,14;15;18;19;28;115;116;118;157;158;159;160,False,0,97.31,89.56,1.0
RAC1,RAC1,KAD,125.5,141.84,1.69,4.61,-0.01,19,11;12;13;14;15;16;17;18;29;31;32;33;34;35;57;58;59;60;61,False,0,92.86,78.5,1.0
RAC1,RAC1B,KAA,355.54,200.23,0.68,2.47,0.37,27,3;4;5;73;74;75;77;78;79;80;81;82;83;84;85;87;88;89;90;91;92;93;95;124;125;126;127,True,16,58.56,35.34,0.296
RAC1,RAC1B,KAB,8.86,14.51,0.24,0.85,-0.41,6,46;47;49;193;196;197,False,0,91.58,84.94,1.0
RAC1,RAC1B,KAC,42.98,52.57,1.1,3.23,-0.18,9,36;37;57;58;59;64;67;68;71,True,0,92.01,87.0,1.0
RAC1,RAC1B,KAD,11.88,22.03,0.2,0.85,-0.4,8,130;171;172;190;193;194;197;199,False,0,91.8,67.5,0.875
RAC1,RAC1B,KAE,34.34,39.08,0.27,1.34,-0.25,11,121;126;127;128;129;169;171;198;199;200;201,False,0,84.61,62.81,0.727
RAC1,RAC1B,KAF,22.46,33.17,0.54,1.7,-0.32,6,17;18;29;31;32;33,False,0,90.17,81.38,1.0
RAC1,RAC1B,KAG,105.62,121.49,1.86,4.33,0.09,17,11;12;13;14;15;16;17;18;32;33;34;35;57;58;59;60;61,False,0,94.44,81.38,1.0
RAC1,RAC1B,KAH,41.26,51.85,1.07,3.06,0.05,12,14;15;18;19;28;134;135;137;176;177;178;179,False,0,97.87,93.5,1.0
RAC1,RAC1B,KAI,6.26,13.56,0.38,1.04,-0.86,6,145;148;149;153;154;155,False,0,98.41,98.0,1.0
