gene,reference_isoform,reference_cavity,comparator_isoform,comparator_cavity,residue_jaccard,reference_volume_a3,comparator_volume_a3,volume_change_a3,reference_touches_splice,comparator_touches_splice,preliminary_match
PKM,PKM2,KAA,PKM1,KAB,0.967,1011.96,1017.36,5.4,False,False,True
PKM,PKM2,KAB,PKM1,KAD,1.0,12.31,12.31,0.0,False,False,True
PKM,PKM2,KAC,PKM1,KAE,0.9,38.23,27.86,-10.37,False,False,True
PKM,PKM2,KAD,PKM1,KAF,0.889,46.87,34.56,-12.31,True,True,True
PKM,PKM2,KAE,PKM1,KAK,0.875,10.15,7.13,-3.02,False,False,True
PKM,PKM2,KAF,PKM1,KAH,1.0,66.53,73.66,7.13,False,False,True
PKM,PKM2,KAG,PKM1,KAO,0.529,69.55,26.78,-42.77,False,True,True
PKM,PKM2,KAH,PKM1,KAJ,0.833,9.5,7.78,-1.72,False,False,True
PKM,PKM2,KAI,PKM1,KAN,0.889,331.56,214.06,-117.5,True,True,True
PKM,PKM2,KAJ,PKM1,KAI,1.0,43.63,31.97,-11.66,True,True,True
PKM,PKM2,KAK,PKM1,,0.2,12.31,,,True,,False
PKM,PKM2,KAL,PKM1,KAR,0.696,215.35,153.36,-61.99,True,True,True
PKM,PKM2,KAM,PKM1,,0.1,16.85,,,True,,False
PKM,PKM2,KAN,PKM1,,0.176,16.85,,,False,,False
PKM,PKM2,KAO,PKM1,KAS,0.88,214.92,201.31,-13.61,False,False,True
PKM,PKM2,KAP,PKM1,KAT,0.875,70.85,69.34,-1.51,False,False,True
PKM,PKM2,KAQ,PKM1,KAP,1.0,86.18,70.63,-15.55,True,True,True
PKM,PKM2,KAR,PKM1,KAU,1.0,17.28,21.17,3.89,True,True,True
PKM,PKM2,KAS,PKM1,KAQ,0.9,27.65,29.59,1.94,False,False,True
PKM,PKM2,KAT,PKM1,,0.154,12.96,,,False,,False
PKM,PKM2,KAU,PKM1,KAW,1.0,14.69,8.21,-6.48,False,False,True
PKM,PKM2,KAV,PKM1,,0.1,5.62,,,True,,False
PKM,PKM2,,PKM1,KAA,0.0,,12.31,,,False,False
PKM,PKM2,,PKM1,KAC,0.0,,7.78,,,False,False
PKM,PKM2,,PKM1,KAG,0.0,,27.0,,,True,False
PKM,PKM2,,PKM1,KAL,0.0,,11.02,,,False,False
PKM,PKM2,,PKM1,KAM,0.0,,140.18,,,True,False
PKM,PKM2,,PKM1,KAV,0.0,,12.31,,,False,False
RAC1,RAC1,KAA,RAC1B,KAE,0.667,7.56,34.34,26.78,False,False,True
RAC1,RAC1,KAB,RAC1B,KAC,1.0,34.13,42.98,8.85,True,True,True
RAC1,RAC1,KAC,RAC1B,KAH,1.0,72.58,41.26,-31.32,False,False,True
RAC1,RAC1,KAD,RAC1B,KAG,0.895,125.5,105.62,-19.88,False,False,True
RAC1,RAC1,,RAC1B,KAA,0.0,,355.54,,,True,False
RAC1,RAC1,,RAC1B,KAB,0.0,,8.86,,,False,False
RAC1,RAC1,,RAC1B,KAD,0.0,,11.88,,,False,False
RAC1,RAC1,,RAC1B,KAF,0.0,,22.46,,,False,False
RAC1,RAC1,,RAC1B,KAI,0.0,,6.26,,,False,False
