gene,isoform_name,pdb_id,chain,experimental_cavity,volume_a3,max_depth_a,mapped_residues,mapped_residue_count,best_af_cavity,residue_jaccard
PKM,PKM1,3SRF,H,KAA,21.38,1.8,13;14;17;18;19;20;32;33;34;37,10,KAQ,0.9
PKM,PKM1,3SRF,H,KAB,109.3,4.2,16;18;40;41;42;420;421;424;425;426;427;447;448;449;502,15,KAR,0.882
PKM,PKM1,3SRF,H,KAC,87.26,3.06,18;21;22;391;392;418;421;422;424;447,10,KAM,0.833
PKM,PKM1,3SRF,H,KAD,133.92,0.0,16;40;42;43;44;383;386;387;389;391;442;445;446;447;448;450;467;468,18,KAP,0.579
PKM,PKM1,3SRF,H,KAE,275.83,8.59,41;42;43;44;45;46;65;66;67;68;69;70;98;103;104;105;106;379;463;464;466;468;469;470;471;472;496;500;502,29,KAS,0.645
PKM,PKM1,3SRF,H,KAF,17.93,1.8,99;102;105;473;475,5,KAW,0.833
PKM,PKM1,3SRF,H,KAG,44.5,1.8,26;29;30;33;353;388;389;390;391;394,10,KAI,1.0
PKM,PKM1,3SRF,H,KAH,11.66,0.6,482;483;486;513;514;515,6,KAN,0.154
PKM,PKM1,3SRF,H,KAI,130.68,3.45,409;431;432;433;434;435;436;437;482;489;513;514;515;516;517;518;519;520;521;522,20,KAN,0.76
PKM,PKM1,3SRF,H,KAJ,41.9,0.0,432;435;438;439;452;454;459;460;463;469;471,11,KAU,0.667
PKM,PKM1,3SRF,H,KAK,46.22,3.0,91;92;95;96;105;108;110;238;461,9,KAT,0.6
PKM,PKM1,3SRF,H,KAL,7.78,0.6,310;311;347;350;351;354,6,KAA,0.0
PKM,PKM1,3SRF,H,KAM,53.35,0.0,317;318;321;322;323;357;439;442;443;445;466;467,12,KAH,1.0
PKM,PKM1,3SRF,H,KAN,20.74,0.0,318;319;320;398;402;443;444,7,KAF,0.667
PKM,PKM1,3SRF,H,KAO,9.5,0.6,402;405;407;410;411;414;444,7,KAG,0.7
PKM,PKM1,3SRF,H,KAP,1010.23,8.92,50;51;52;73;74;75;77;78;83;84;87;113;114;115;117;118;119;120;177;178;179;206;207;208;209;210;211;212;213;214;215;216;243;244;246;270;272;273;274;275;291;293;294;295;296;299;300;327;328;329;330;332;335;360;362;363;364;366;367,59,KAB,0.873
PKM,PKM1,3SRF,H,KAQ,11.45,0.6,264;434;436;439;458;459;462,7,KAO,0.545
PKM,PKM1,3SRF,H,KAR,12.31,0.0,74;76;88;110;111;112;237,7,KAT,0.1
PKM,PKM1,3SRF,H,KAS,7.99,0.6,232;233;236;237;261;262;264;265;458,9,KAO,0.118
PKM,PKM1,3SRF,H,KAT,9.29,0.6,274;277;297;301;305;309,6,KAC,0.077
PKM,PKM1,3SRF,H,KAU,5.4,0.85,76;78;79;81;84;224;228,7,KAK,1.0
PKM,PKM1,3SRF,H,KAV,55.51,0.0,114;116;220;221;225;229;240;242;243;245;254,11,KAE,0.818
PKM,PKM1,3SRF,H,KAW,16.85,0.0,134;140;157;176;181;183;203,7,KAD,0.25
PKM,PKM1,3SRF,H,KAX,17.28,1.34,133;134;135;138;139;140;154;197,8,KAA,0.0
PKM,PKM1,3SRF,H,KAY,72.79,3.23,115;116;117;118;119;160;161;162;218;219;222;223;225,13,KAE,0.1
PKM,PKM1,3SRF,H,KAZ,22.46,0.0,121;142;157;159;174;176;183;209,8,KAD,1.0
PKM,PKM1,3SRF,H,KBA,6.48,1.04,168;172;173;211;212;214,6,KAC,0.077
PKM,PKM1,3SRF,H,KBB,8.21,0.6,144;146;158;159;160;161;162,7,KAA,0.071
PKM,PKM2,3U2Z,A,KAA,47.52,2.16,91;92;95;96;105;108;109;110;236;238;461,11,KAP,0.733
PKM,PKM2,3U2Z,A,KAB,576.72,8.92,73;75;77;113;114;115;116;117;118;119;120;177;178;179;208;209;210;211;214;215;216;218;219;220;221;225;229;242;243;244;245;246;250;254;270;272;273;291;293;294;295;296;298;299;300;327;328;329;360;362,50,KAA,0.557
PKM,PKM2,3U2Z,A,KAC,252.94,6.12,431;432;433;434;435;436;437;453;454;455;456;482;486;489;513;514;515;516;517;518;519;520;521;522,24,KAI,0.821
PKM,PKM2,3U2Z,A,KAD,13.39,2.55,105;107;457;460;461;473,6,KAP,0.4
PKM,PKM2,3U2Z,A,KAE,55.73,4.57,264;266;268;288;323;434;435;439;458;459;462;463;465;466,14,KAG,0.875
PKM,PKM2,3U2Z,A,KAF,72.79,3.65,50;51;52;53;56;74;75;78;83;84;87;366,12,KAA,0.164
PKM,PKM2,3U2Z,A,KAG,27.43,0.0,142;143;144;159;164;165;191;192;193,9,KAB,0.133
PKM,PKM2,3U2Z,A,KAH,44.06,0.0,119;142;159;161;164;168;174;193;209;211,10,KAB,0.286
PKM,PKM2,3U2Z,A,KAI,9.07,0.85,65;98;104;105;106,5,KAO,0.111
PKM,PKM2,3U2Z,A,KAJ,18.14,2.4,161;164;167;168;211;214;215;216,8,KAA,0.063
PKM,PKM2,3U2Z,A,KAK,74.09,0.0,121;124;132;134;140;152;153;154;156;157;176;181;183;203;204;207,16,KAB,0.2
PKM,PKM2,3U2Z,A,KAL,305.64,8.92,41;42;43;44;45;46;65;68;69;70;103;104;105;106;107;379;464;466;468;469;470;471;472;496;500;502,26,KAO,0.7
PKM,PKM2,3U2Z,A,KAM,12.31,0.0,121;142;157;159;174;176;183;209,8,KAB,1.0
PKM,PKM2,3U2Z,A,KAN,12.31,0.0,268;289;290;323;324;325;465,7,KAG,0.211
PKM,PKM2,3U2Z,A,KAO,16.85,0.0,409;412;413;437;440;441;512;522,8,KAM,0.889
PKM,PKM2,3U2Z,A,KAP,18.58,1.9,167;168;169;172;173;174;211;212;214,9,KAB,0.062
PKM,PKM2,3U2Z,A,KAQ,64.58,0.0,317;318;321;322;323;357;439;442;443;445;466;467,12,KAF,1.0
PKM,PKM2,3U2Z,A,KAR,165.89,0.0,16;39;40;42;43;44;383;386;387;389;391;394;442;445;446;447;448;450;467;468,20,KAQ,0.6
PKM,PKM2,3U2Z,A,KAS,30.24,2.47,318;319;320;321;397;398;401;402;443;444,10,KAD,0.727
PKM,PKM2,3U2Z,A,KAT,162.65,3.7,16;18;21;22;40;41;42;391;392;395;420;421;424;425;426;447;448;449;502,19,KAL,0.864
PKM,PKM2,3U2Z,A,KAU,20.52,1.7,318;352;355;389;394;398;445;467,8,KAF,0.176
PKM,PKM2,3U2Z,A,KAV,12.53,0.85,26;29;30;33;353;388;389;390,8,KAJ,0.8
PKM,PKM2,3U2Z,A,KAW,22.9,2.16,13;14;15;17;18;19;20;32;34;37,10,KAS,1.0
RAC1,RAC1,8S1N,A,KAA,16.42,1.34,22;23;26;162;165;166,6,KAA,0.0
RAC1,RAC1,8S1N,A,KAB,5.4,0.6,117;118;158;161;163,5,KAC,0.133
RAC1,RAC1,8S1N,A,KAC,66.1,4.84,14;15;18;19;28;115;116;118;157;158;159;160,12,KAC,1.0
RAC1,RAC1,8S1N,A,KAD,13.82,1.7,17;34;35;36;37;38;40;57,8,KAB,0.214
RAC1,RAC1,8S1N,A,KAE,6.48,0.6,16;17;37;57;58;59;60,7,KAB,0.333
RAC1,RAC1B,1RYF,A,KAA,7.13,0.6,9;97;116;119;120;123,6,KAA,0.0
RAC1,RAC1B,1RYF,A,KAB,25.06,1.2,16;17;33;34;35;37;38;40;57;58;59,11,KAG,0.4
RAC1,RAC1B,1RYF,A,KAC,64.37,4.57,14;15;18;19;28;134;135;137;176;177;178;179,12,KAH,1.0
RAC1,RAC1B,1RYF,A,KAD,12.74,1.34,22;23;26;181;184;185,6,KAA,0.0
RAC1,RAC1B,1RYH,A,KAA,19.01,1.2,9;97;116;119;120;123;124,7,KAA,0.03
RAC1,RAC1B,1RYH,A,KAB,78.19,5.16,14;15;18;19;28;134;135;137;176;177;178;179,12,KAH,1.0
