isoform,position,amino_acid,region,chemistry,charge_proxy,hydropathy,plddt,ca_neighbours_10a,exposure_proxy,exposure_interpretation
RAC1,66,R,matched_neighbourhood,positive,1,-4.5,94.69,4,0.2,usable_model_proxy
RAC1,67,L,matched_neighbourhood,hydrophobic,0,3.8,95.25,9,0.1,usable_model_proxy
RAC1,68,R,matched_neighbourhood,positive,1,-4.5,96.81,15,0.0625,usable_model_proxy
RAC1,69,P,matched_neighbourhood,polar_or_flexible,0,-1.6,97.69,11,0.0833,usable_model_proxy
RAC1,70,L,matched_neighbourhood,hydrophobic,0,3.8,96.5,5,0.1667,usable_model_proxy
RAC1,71,S,matched_neighbourhood,polar_or_flexible,0,-0.8,96.81,12,0.0769,usable_model_proxy
RAC1,72,Y,matched_neighbourhood,aromatic,0,-1.3,98.44,14,0.0667,usable_model_proxy
RAC1,73,P,matched_neighbourhood,polar_or_flexible,0,-1.6,97.75,7,0.125,usable_model_proxy
RAC1,74,Q,matched_neighbourhood,polar_or_flexible,0,-3.5,96.62,8,0.1111,usable_model_proxy
RAC1,75,T,matched_neighbourhood,polar_or_flexible,0,-0.7,98.62,13,0.0714,usable_model_proxy
RAC1,76,D,matched_neighbourhood,negative,-1,-3.5,98.5,17,0.0556,usable_model_proxy
RAC1,77,V,matched_neighbourhood,hydrophobic,0,4.2,98.75,20,0.0476,usable_model_proxy
RAC1,78,F,matched_neighbourhood,aromatic,0,2.8,98.88,21,0.0455,usable_model_proxy
RAC1,79,L,matched_neighbourhood,hydrophobic,0,3.8,98.94,22,0.0435,usable_model_proxy
RAC1,80,I,matched_neighbourhood,hydrophobic,0,4.5,98.94,20,0.0476,usable_model_proxy
RAC1,81,C,matched_neighbourhood,polar_or_flexible,0,2.5,98.94,24,0.04,usable_model_proxy
RAC1,82,F,matched_neighbourhood,aromatic,0,2.8,98.94,27,0.0357,usable_model_proxy
RAC1,83,S,matched_neighbourhood,polar_or_flexible,0,-0.8,98.88,24,0.04,usable_model_proxy
RAC1,84,L,matched_neighbourhood,hydrophobic,0,3.8,98.94,23,0.0417,usable_model_proxy
RAC1,85,V,matched_neighbourhood,hydrophobic,0,4.2,98.69,23,0.0417,usable_model_proxy
RAC1B,66,R,upstream_flank,positive,1,-4.5,90.56,4,0.2,usable_model_proxy
RAC1B,67,L,upstream_flank,hydrophobic,0,3.8,89.81,10,0.0909,usable_model_proxy
RAC1B,68,R,upstream_flank,positive,1,-4.5,93.25,15,0.0625,usable_model_proxy
RAC1B,69,P,upstream_flank,polar_or_flexible,0,-1.6,90.19,11,0.0833,usable_model_proxy
RAC1B,70,L,upstream_flank,hydrophobic,0,3.8,87.0,7,0.125,usable_model_proxy
RAC1B,71,S,upstream_flank,polar_or_flexible,0,-0.8,87.44,15,0.0625,usable_model_proxy
RAC1B,72,Y,upstream_flank,aromatic,0,-1.3,88.12,19,0.05,usable_model_proxy
RAC1B,73,P,upstream_flank,polar_or_flexible,0,-1.6,63.41,9,0.1,exploratory_low_confidence
RAC1B,74,Q,upstream_flank,polar_or_flexible,0,-3.5,52.09,11,0.0833,exploratory_low_confidence
RAC1B,75,T,upstream_flank,polar_or_flexible,0,-0.7,43.38,9,0.1,exploratory_low_confidence
RAC1B,76,V,insertion,hydrophobic,0,4.2,44.25,3,0.25,exploratory_low_confidence
RAC1B,77,G,insertion,polar_or_flexible,0,-0.4,41.28,3,0.25,exploratory_low_confidence
RAC1B,78,E,insertion,negative,-1,-3.5,41.12,4,0.2,exploratory_low_confidence
RAC1B,79,T,insertion,polar_or_flexible,0,-0.7,38.44,3,0.25,exploratory_low_confidence
RAC1B,80,Y,insertion,aromatic,0,-1.3,35.34,5,0.1667,exploratory_low_confidence
RAC1B,81,G,insertion,polar_or_flexible,0,-0.4,37.0,4,0.2,exploratory_low_confidence
RAC1B,82,K,insertion,positive,1,-3.9,38.31,3,0.25,exploratory_low_confidence
RAC1B,83,D,insertion,negative,-1,-3.5,39.59,2,0.3333,exploratory_low_confidence
RAC1B,84,I,insertion,hydrophobic,0,4.5,39.5,5,0.1667,exploratory_low_confidence
RAC1B,85,T,insertion,polar_or_flexible,0,-0.7,37.88,4,0.2,exploratory_low_confidence
RAC1B,86,S,insertion,polar_or_flexible,0,-0.8,47.28,2,0.3333,exploratory_low_confidence
RAC1B,87,R,insertion,positive,1,-4.5,49.31,3,0.25,exploratory_low_confidence
RAC1B,88,G,insertion,polar_or_flexible,0,-0.4,45.41,3,0.25,exploratory_low_confidence
RAC1B,89,K,insertion,positive,1,-3.9,43.03,6,0.1429,exploratory_low_confidence
RAC1B,90,D,insertion,negative,-1,-3.5,45.84,4,0.2,exploratory_low_confidence
RAC1B,91,K,insertion,positive,1,-3.9,42.53,6,0.1429,exploratory_low_confidence
RAC1B,92,P,insertion,polar_or_flexible,0,-1.6,49.97,11,0.0833,exploratory_low_confidence
RAC1B,93,I,insertion,hydrophobic,0,4.5,67.0,13,0.0714,exploratory_low_confidence
RAC1B,94,A,insertion,hydrophobic,0,1.8,77.12,18,0.0526,usable_model_proxy
RAC1B,95,D,downstream_flank,negative,-1,-3.5,91.19,19,0.05,usable_model_proxy
RAC1B,96,V,downstream_flank,hydrophobic,0,4.2,95.75,21,0.0455,usable_model_proxy
RAC1B,97,F,downstream_flank,aromatic,0,2.8,97.94,21,0.0455,usable_model_proxy
RAC1B,98,L,downstream_flank,hydrophobic,0,3.8,98.81,23,0.0417,usable_model_proxy
RAC1B,99,I,downstream_flank,hydrophobic,0,4.5,98.88,20,0.0476,usable_model_proxy
RAC1B,100,C,downstream_flank,polar_or_flexible,0,2.5,98.94,24,0.04,usable_model_proxy
RAC1B,101,F,downstream_flank,aromatic,0,2.8,98.94,27,0.0357,usable_model_proxy
RAC1B,102,S,downstream_flank,polar_or_flexible,0,-0.8,98.88,24,0.04,usable_model_proxy
RAC1B,103,L,downstream_flank,hydrophobic,0,3.8,98.94,23,0.0417,usable_model_proxy
RAC1B,104,V,downstream_flank,hydrophobic,0,4.2,98.75,23,0.0417,usable_model_proxy
