ctnnd1_residue_1,ctnnd1_residue_2,af3_mean_ca_distance_angstrom,af3_sd_angstrom,crystal_3l6y_ca_distance_angstrom,absolute_difference_angstrom
395,430,10.159,0.159,10.19,0.031
395,433,9.76,0.133,9.614,0.146
395,434,6.186,0.135,6.078,0.108
395,437,9.333,0.132,9.253,0.08
395,474,14.645,0.154,14.625,0.02
395,477,17.074,0.137,17.007,0.067
430,433,5.036,0.017,4.919,0.117
430,434,6.491,0.039,6.601,0.11
430,437,11.059,0.061,11.232,0.173
430,474,9.345,0.041,9.63,0.285
430,477,13.23,0.044,13.348,0.118
433,434,3.822,0.011,3.824,0.002
433,437,6.51,0.058,6.745,0.235
433,474,6.724,0.054,7.058,0.334
433,477,9.199,0.032,9.476,0.276
434,437,5.267,0.038,5.339,0.072
434,474,9.623,0.055,9.786,0.163
434,477,11.712,0.038,11.809,0.097
437,474,9.65,0.088,9.72,0.069
437,477,9.425,0.059,9.518,0.093
474,477,4.991,0.036,4.854,0.137
