gene,isoform_name,pocket,rank,score,probability,residue_count,residues,touches_splice_neighborhood
PKM,PKM2,pocket1,1,35.16,0.931,40,50;51;52;53;73;75;77;78;79;83;84;113;114;115;118;119;120;177;178;206;207;208;209;210;243;244;270;272;291;293;295;296;328;329;332;360;362;363;366;367,False
PKM,PKM2,pocket2,2,16.07,0.69,19,41;43;44;66;67;68;69;70;104;106;107;379;464;469;470;471;499;500;502,False
PKM,PKM2,pocket3,3,7.67,0.341,20,431;432;433;434;436;437;453;455;478;482;485;489;514;516;517;518;519;520;521;522,True
PKM,PKM2,pocket4,4,4.45,0.156,11,117;119;209;210;214;216;244;246;273;275;300,False
PKM,PKM2,pocket5,5,2.88,0.073,9,16;21;22;391;392;395;421;424;447,True
PKM,PKM2,pocket6,6,2.03,0.037,10,311;315;318;319;353;354;394;397;398;401,True
PKM,PKM2,pocket7,7,1.94,0.033,8,266;288;321;322;434;436;439;466,False
PKM,PKM2,pocket8,8,1.92,0.033,10,92;95;96;105;108;110;236;238;457;461,False
PKM,PKM2,pocket9,9,1.74,0.026,7,26;29;30;33;353;388;390,True
PKM,PKM2,pocket10,10,1.51,0.018,8,294;306;307;310;311;347;350;354,False
PKM,PKM2,pocket11,11,0.93,0.004,8,274;277;278;301;305;308;309;312,False
PKM,PKM1,pocket1,1,37.74,0.94,33,50;73;75;77;78;113;115;118;119;120;177;178;207;208;209;210;243;244;270;272;291;293;295;296;299;328;329;332;360;362;363;366;367,False
PKM,PKM1,pocket2,2,12.88,0.584,17,41;42;43;46;66;67;68;70;106;379;449;464;469;470;471;500;502,False
PKM,PKM1,pocket3,3,8.08,0.363,23,407;409;431;432;433;434;436;437;453;454;455;478;482;485;489;514;516;517;518;519;520;521;522,True
PKM,PKM1,pocket4,4,3.92,0.125,15,117;118;119;209;211;213;214;215;216;244;246;273;274;275;300,False
PKM,PKM1,pocket5,5,3.4,0.097,9,26;29;30;33;353;388;389;390;394,True
PKM,PKM1,pocket6,6,2.06,0.038,7,18;21;22;392;421;424;447,True
PKM,PKM1,pocket7,7,1.79,0.028,8,266;288;321;322;434;436;439;466,False
PKM,PKM1,pocket8,8,1.65,0.022,8,315;318;353;354;355;394;397;398,True
RAC1,RAC1,pocket1,1,6.35,0.266,11,13;15;17;18;28;32;115;116;118;119;159,False
RAC1,RAC1,pocket2,2,5.22,0.2,13,12;13;15;16;17;18;31;32;33;34;35;60;61,False
RAC1,RAC1B,pocket1,1,10.8,0.498,22,12;13;14;15;16;17;18;19;28;29;32;33;34;35;60;61;134;135;137;138;178;179,False
