gene,reference_isoform,mobile_isoform,reference_residue,mobile_residue,amino_acid,displacement_angstrom
PKM,PKM2,PKM1,1,1,M,1.821
PKM,PKM2,PKM1,2,2,S,1.669
PKM,PKM2,PKM1,3,3,K,1.33
PKM,PKM2,PKM1,4,4,P,1.135
PKM,PKM2,PKM1,5,5,H,1.41
PKM,PKM2,PKM1,6,6,S,0.92
PKM,PKM2,PKM1,7,7,E,0.542
PKM,PKM2,PKM1,8,8,A,0.393
PKM,PKM2,PKM1,9,9,G,0.322
PKM,PKM2,PKM1,10,10,T,0.274
PKM,PKM2,PKM1,11,11,A,0.142
PKM,PKM2,PKM1,12,12,F,0.124
PKM,PKM2,PKM1,13,13,I,0.072
PKM,PKM2,PKM1,14,14,Q,0.054
PKM,PKM2,PKM1,15,15,T,0.085
PKM,PKM2,PKM1,16,16,Q,0.11
PKM,PKM2,PKM1,17,17,Q,0.129
PKM,PKM2,PKM1,18,18,L,0.15
PKM,PKM2,PKM1,19,19,H,0.16
PKM,PKM2,PKM1,20,20,A,0.134
PKM,PKM2,PKM1,21,21,A,0.12
PKM,PKM2,PKM1,22,22,M,0.165
PKM,PKM2,PKM1,23,23,A,0.214
PKM,PKM2,PKM1,24,24,D,0.174
PKM,PKM2,PKM1,25,25,T,0.085
PKM,PKM2,PKM1,26,26,F,0.083
PKM,PKM2,PKM1,27,27,L,0.057
PKM,PKM2,PKM1,28,28,E,0.079
PKM,PKM2,PKM1,29,29,H,0.044
PKM,PKM2,PKM1,30,30,M,0.073
PKM,PKM2,PKM1,31,31,C,0.104
PKM,PKM2,PKM1,32,32,R,0.117
PKM,PKM2,PKM1,33,33,L,0.092
PKM,PKM2,PKM1,34,34,D,0.095
PKM,PKM2,PKM1,35,35,I,0.104
PKM,PKM2,PKM1,36,36,D,0.1
PKM,PKM2,PKM1,37,37,S,0.083
PKM,PKM2,PKM1,38,38,P,0.095
PKM,PKM2,PKM1,39,39,P,0.072
PKM,PKM2,PKM1,40,40,I,0.095
PKM,PKM2,PKM1,41,41,T,0.099
PKM,PKM2,PKM1,42,42,A,0.086
PKM,PKM2,PKM1,43,43,R,0.066
PKM,PKM2,PKM1,44,44,N,0.065
PKM,PKM2,PKM1,45,45,T,0.079
PKM,PKM2,PKM1,46,46,G,0.075
PKM,PKM2,PKM1,47,47,I,0.075
PKM,PKM2,PKM1,48,48,I,0.065
PKM,PKM2,PKM1,49,49,C,0.102
PKM,PKM2,PKM1,50,50,T,0.132
PKM,PKM2,PKM1,51,51,I,0.142
PKM,PKM2,PKM1,52,52,G,0.175
PKM,PKM2,PKM1,53,53,P,0.168
PKM,PKM2,PKM1,54,54,A,0.159
PKM,PKM2,PKM1,55,55,S,0.155
PKM,PKM2,PKM1,56,56,R,0.145
PKM,PKM2,PKM1,57,57,S,0.14
PKM,PKM2,PKM1,58,58,V,0.114
PKM,PKM2,PKM1,59,59,E,0.123
PKM,PKM2,PKM1,60,60,T,0.124
PKM,PKM2,PKM1,61,61,L,0.109
PKM,PKM2,PKM1,62,62,K,0.109
PKM,PKM2,PKM1,63,63,E,0.13
PKM,PKM2,PKM1,64,64,M,0.117
PKM,PKM2,PKM1,65,65,I,0.085
PKM,PKM2,PKM1,66,66,K,0.105
PKM,PKM2,PKM1,67,67,S,0.104
PKM,PKM2,PKM1,68,68,G,0.11
PKM,PKM2,PKM1,69,69,M,0.1
PKM,PKM2,PKM1,70,70,N,0.071
PKM,PKM2,PKM1,71,71,V,0.08
PKM,PKM2,PKM1,72,72,A,0.092
PKM,PKM2,PKM1,73,73,R,0.106
PKM,PKM2,PKM1,74,74,L,0.116
PKM,PKM2,PKM1,75,75,N,0.138
PKM,PKM2,PKM1,76,76,F,0.132
PKM,PKM2,PKM1,77,77,S,0.17
PKM,PKM2,PKM1,78,78,H,0.169
PKM,PKM2,PKM1,79,79,G,0.166
PKM,PKM2,PKM1,80,80,T,0.117
PKM,PKM2,PKM1,81,81,H,0.123
PKM,PKM2,PKM1,82,82,E,0.115
PKM,PKM2,PKM1,83,83,Y,0.122
PKM,PKM2,PKM1,84,84,H,0.123
PKM,PKM2,PKM1,85,85,A,0.109
PKM,PKM2,PKM1,86,86,E,0.131
PKM,PKM2,PKM1,87,87,T,0.121
PKM,PKM2,PKM1,88,88,I,0.069
PKM,PKM2,PKM1,89,89,K,0.07
PKM,PKM2,PKM1,90,90,N,0.124
PKM,PKM2,PKM1,91,91,V,0.1
PKM,PKM2,PKM1,92,92,R,0.088
PKM,PKM2,PKM1,93,93,T,0.14
PKM,PKM2,PKM1,94,94,A,0.088
PKM,PKM2,PKM1,95,95,T,0.092
PKM,PKM2,PKM1,96,96,E,0.081
PKM,PKM2,PKM1,97,97,S,0.115
PKM,PKM2,PKM1,98,98,F,0.093
PKM,PKM2,PKM1,99,99,A,0.098
PKM,PKM2,PKM1,100,100,S,0.092
PKM,PKM2,PKM1,101,101,D,0.108
PKM,PKM2,PKM1,102,102,P,0.079
PKM,PKM2,PKM1,103,103,I,0.075
PKM,PKM2,PKM1,104,104,L,0.074
PKM,PKM2,PKM1,105,105,Y,0.071
PKM,PKM2,PKM1,106,106,R,0.071
PKM,PKM2,PKM1,107,107,P,0.041
PKM,PKM2,PKM1,108,108,V,0.055
PKM,PKM2,PKM1,109,109,A,0.057
PKM,PKM2,PKM1,110,110,V,0.079
PKM,PKM2,PKM1,111,111,A,0.088
PKM,PKM2,PKM1,112,112,L,0.103
PKM,PKM2,PKM1,113,113,D,0.121
PKM,PKM2,PKM1,114,114,T,0.129
PKM,PKM2,PKM1,115,115,K,0.152
PKM,PKM2,PKM1,116,116,G,0.168
PKM,PKM2,PKM1,117,117,P,0.094
PKM,PKM2,PKM1,118,118,E,0.126
PKM,PKM2,PKM1,119,119,I,0.138
PKM,PKM2,PKM1,120,120,R,0.177
PKM,PKM2,PKM1,121,121,T,0.215
PKM,PKM2,PKM1,122,122,G,0.306
PKM,PKM2,PKM1,123,123,L,0.375
PKM,PKM2,PKM1,124,124,I,0.385
PKM,PKM2,PKM1,125,125,K,0.44
PKM,PKM2,PKM1,126,126,G,0.491
PKM,PKM2,PKM1,127,127,S,0.459
PKM,PKM2,PKM1,128,128,G,0.348
PKM,PKM2,PKM1,129,129,T,0.36
PKM,PKM2,PKM1,130,130,A,0.442
PKM,PKM2,PKM1,131,131,E,0.372
PKM,PKM2,PKM1,132,132,V,0.318
PKM,PKM2,PKM1,133,133,E,0.293
PKM,PKM2,PKM1,134,134,L,0.223
PKM,PKM2,PKM1,135,135,K,0.207
PKM,PKM2,PKM1,136,136,K,0.134
PKM,PKM2,PKM1,137,137,G,0.115
PKM,PKM2,PKM1,138,138,A,0.224
PKM,PKM2,PKM1,139,139,T,0.23
PKM,PKM2,PKM1,140,140,L,0.232
PKM,PKM2,PKM1,141,141,K,0.273
PKM,PKM2,PKM1,142,142,I,0.254
PKM,PKM2,PKM1,143,143,T,0.305
PKM,PKM2,PKM1,144,144,L,0.302
PKM,PKM2,PKM1,145,145,D,0.36
PKM,PKM2,PKM1,146,146,N,0.376
PKM,PKM2,PKM1,147,147,A,0.43
PKM,PKM2,PKM1,148,148,Y,0.395
PKM,PKM2,PKM1,149,149,M,0.368
PKM,PKM2,PKM1,150,150,E,0.42
PKM,PKM2,PKM1,151,151,K,0.415
PKM,PKM2,PKM1,152,152,C,0.352
PKM,PKM2,PKM1,153,153,D,0.329
PKM,PKM2,PKM1,154,154,E,0.298
PKM,PKM2,PKM1,155,155,N,0.309
PKM,PKM2,PKM1,156,156,I,0.317
PKM,PKM2,PKM1,157,157,L,0.279
PKM,PKM2,PKM1,158,158,W,0.289
PKM,PKM2,PKM1,159,159,L,0.25
PKM,PKM2,PKM1,160,160,D,0.232
PKM,PKM2,PKM1,161,161,Y,0.172
PKM,PKM2,PKM1,162,162,K,0.24
PKM,PKM2,PKM1,163,163,N,0.232
PKM,PKM2,PKM1,164,164,I,0.191
PKM,PKM2,PKM1,165,165,C,0.27
PKM,PKM2,PKM1,166,166,K,0.29
PKM,PKM2,PKM1,167,167,V,0.223
PKM,PKM2,PKM1,168,168,V,0.2
PKM,PKM2,PKM1,169,169,E,0.265
PKM,PKM2,PKM1,170,170,V,0.239
PKM,PKM2,PKM1,171,171,G,0.176
PKM,PKM2,PKM1,172,172,S,0.162
PKM,PKM2,PKM1,173,173,K,0.089
PKM,PKM2,PKM1,174,174,I,0.078
PKM,PKM2,PKM1,175,175,Y,0.083
PKM,PKM2,PKM1,176,176,V,0.183
PKM,PKM2,PKM1,177,177,D,0.248
PKM,PKM2,PKM1,178,178,D,0.268
PKM,PKM2,PKM1,179,179,G,0.101
PKM,PKM2,PKM1,180,180,L,0.202
PKM,PKM2,PKM1,181,181,I,0.128
PKM,PKM2,PKM1,182,182,S,0.063
PKM,PKM2,PKM1,183,183,L,0.063
PKM,PKM2,PKM1,184,184,Q,0.093
PKM,PKM2,PKM1,185,185,V,0.171
PKM,PKM2,PKM1,186,186,K,0.207
PKM,PKM2,PKM1,187,187,Q,0.286
PKM,PKM2,PKM1,188,188,K,0.306
PKM,PKM2,PKM1,189,189,G,0.363
PKM,PKM2,PKM1,190,190,A,0.404
PKM,PKM2,PKM1,191,191,D,0.382
PKM,PKM2,PKM1,192,192,F,0.322
PKM,PKM2,PKM1,193,193,L,0.259
PKM,PKM2,PKM1,194,194,V,0.258
PKM,PKM2,PKM1,195,195,T,0.175
PKM,PKM2,PKM1,196,196,E,0.127
PKM,PKM2,PKM1,197,197,V,0.107
PKM,PKM2,PKM1,198,198,E,0.068
PKM,PKM2,PKM1,199,199,N,0.12
PKM,PKM2,PKM1,200,200,G,0.161
PKM,PKM2,PKM1,201,201,G,0.24
PKM,PKM2,PKM1,202,202,S,0.293
PKM,PKM2,PKM1,203,203,L,0.285
PKM,PKM2,PKM1,204,204,G,0.358
PKM,PKM2,PKM1,205,205,S,0.377
PKM,PKM2,PKM1,206,206,K,0.267
PKM,PKM2,PKM1,207,207,K,0.244
PKM,PKM2,PKM1,208,208,G,0.154
PKM,PKM2,PKM1,209,209,V,0.103
PKM,PKM2,PKM1,210,210,N,0.053
PKM,PKM2,PKM1,211,211,L,0.055
PKM,PKM2,PKM1,212,212,P,0.1
PKM,PKM2,PKM1,213,213,G,0.177
PKM,PKM2,PKM1,214,214,A,0.161
PKM,PKM2,PKM1,215,215,A,0.167
PKM,PKM2,PKM1,216,216,V,0.105
PKM,PKM2,PKM1,217,217,D,0.114
PKM,PKM2,PKM1,218,218,L,0.066
PKM,PKM2,PKM1,219,219,P,0.074
PKM,PKM2,PKM1,220,220,A,0.047
PKM,PKM2,PKM1,221,221,V,0.106
PKM,PKM2,PKM1,222,222,S,0.194
PKM,PKM2,PKM1,223,223,E,0.186
PKM,PKM2,PKM1,224,224,K,0.169
PKM,PKM2,PKM1,225,225,D,0.135
PKM,PKM2,PKM1,226,226,I,0.13
PKM,PKM2,PKM1,227,227,Q,0.152
PKM,PKM2,PKM1,228,228,D,0.157
PKM,PKM2,PKM1,229,229,L,0.127
PKM,PKM2,PKM1,230,230,K,0.112
PKM,PKM2,PKM1,231,231,F,0.11
PKM,PKM2,PKM1,232,232,G,0.089
PKM,PKM2,PKM1,233,233,V,0.057
PKM,PKM2,PKM1,234,234,E,0.053
PKM,PKM2,PKM1,235,235,Q,0.075
PKM,PKM2,PKM1,236,236,D,0.06
PKM,PKM2,PKM1,237,237,V,0.067
PKM,PKM2,PKM1,238,238,D,0.051
PKM,PKM2,PKM1,239,239,M,0.071
PKM,PKM2,PKM1,240,240,V,0.094
PKM,PKM2,PKM1,241,241,F,0.099
PKM,PKM2,PKM1,242,242,A,0.104
PKM,PKM2,PKM1,243,243,S,0.09
PKM,PKM2,PKM1,244,244,F,0.085
PKM,PKM2,PKM1,245,245,I,0.091
PKM,PKM2,PKM1,246,246,R,0.1
PKM,PKM2,PKM1,247,247,K,0.097
PKM,PKM2,PKM1,248,248,A,0.096
PKM,PKM2,PKM1,249,249,S,0.121
PKM,PKM2,PKM1,250,250,D,0.087
PKM,PKM2,PKM1,251,251,V,0.093
PKM,PKM2,PKM1,252,252,H,0.077
PKM,PKM2,PKM1,253,253,E,0.045
PKM,PKM2,PKM1,254,254,V,0.062
PKM,PKM2,PKM1,255,255,R,0.063
PKM,PKM2,PKM1,256,256,K,0.084
PKM,PKM2,PKM1,257,257,V,0.094
PKM,PKM2,PKM1,258,258,L,0.064
PKM,PKM2,PKM1,259,259,G,0.096
PKM,PKM2,PKM1,260,260,E,0.064
PKM,PKM2,PKM1,261,261,K,0.034
PKM,PKM2,PKM1,262,262,G,0.037
PKM,PKM2,PKM1,263,263,K,0.035
PKM,PKM2,PKM1,264,264,N,0.05
PKM,PKM2,PKM1,265,265,I,0.053
PKM,PKM2,PKM1,266,266,K,0.039
PKM,PKM2,PKM1,267,267,I,0.081
PKM,PKM2,PKM1,268,268,I,0.094
PKM,PKM2,PKM1,269,269,S,0.08
PKM,PKM2,PKM1,270,270,K,0.097
PKM,PKM2,PKM1,271,271,I,0.115
PKM,PKM2,PKM1,272,272,E,0.133
PKM,PKM2,PKM1,273,273,N,0.137
PKM,PKM2,PKM1,274,274,H,0.156
PKM,PKM2,PKM1,275,275,E,0.165
PKM,PKM2,PKM1,276,276,G,0.13
PKM,PKM2,PKM1,277,277,V,0.143
PKM,PKM2,PKM1,278,278,R,0.154
PKM,PKM2,PKM1,279,279,R,0.122
PKM,PKM2,PKM1,280,280,F,0.112
PKM,PKM2,PKM1,281,281,D,0.109
PKM,PKM2,PKM1,282,282,E,0.113
PKM,PKM2,PKM1,283,283,I,0.109
PKM,PKM2,PKM1,284,284,L,0.096
PKM,PKM2,PKM1,285,285,E,0.096
PKM,PKM2,PKM1,286,286,A,0.088
PKM,PKM2,PKM1,287,287,S,0.088
PKM,PKM2,PKM1,288,288,D,0.108
PKM,PKM2,PKM1,289,289,G,0.127
PKM,PKM2,PKM1,290,290,I,0.109
PKM,PKM2,PKM1,291,291,M,0.108
PKM,PKM2,PKM1,292,292,V,0.131
PKM,PKM2,PKM1,293,293,A,0.136
PKM,PKM2,PKM1,294,294,R,0.155
PKM,PKM2,PKM1,295,295,G,0.155
PKM,PKM2,PKM1,296,296,D,0.152
PKM,PKM2,PKM1,297,297,L,0.148
PKM,PKM2,PKM1,298,298,G,0.167
PKM,PKM2,PKM1,299,299,I,0.172
PKM,PKM2,PKM1,300,300,E,0.162
PKM,PKM2,PKM1,301,301,I,0.19
PKM,PKM2,PKM1,302,302,P,0.212
PKM,PKM2,PKM1,303,303,A,0.19
PKM,PKM2,PKM1,304,304,E,0.196
PKM,PKM2,PKM1,305,305,K,0.187
PKM,PKM2,PKM1,306,306,V,0.15
PKM,PKM2,PKM1,307,307,F,0.146
PKM,PKM2,PKM1,308,308,L,0.151
PKM,PKM2,PKM1,309,309,A,0.128
PKM,PKM2,PKM1,310,310,Q,0.124
PKM,PKM2,PKM1,311,311,K,0.139
PKM,PKM2,PKM1,312,312,M,0.128
PKM,PKM2,PKM1,313,313,M,0.125
PKM,PKM2,PKM1,314,314,I,0.124
PKM,PKM2,PKM1,315,315,G,0.129
PKM,PKM2,PKM1,316,316,R,0.107
PKM,PKM2,PKM1,317,317,C,0.102
PKM,PKM2,PKM1,318,318,N,0.092
PKM,PKM2,PKM1,319,319,R,0.069
PKM,PKM2,PKM1,320,320,A,0.038
PKM,PKM2,PKM1,321,321,G,0.081
PKM,PKM2,PKM1,322,322,K,0.072
PKM,PKM2,PKM1,323,323,P,0.135
PKM,PKM2,PKM1,324,324,V,0.105
PKM,PKM2,PKM1,325,325,I,0.106
PKM,PKM2,PKM1,326,326,C,0.116
PKM,PKM2,PKM1,327,327,A,0.117
PKM,PKM2,PKM1,328,328,T,0.125
PKM,PKM2,PKM1,329,329,Q,0.16
PKM,PKM2,PKM1,330,330,M,0.128
PKM,PKM2,PKM1,331,331,L,0.144
PKM,PKM2,PKM1,332,332,E,0.17
PKM,PKM2,PKM1,333,333,S,0.181
PKM,PKM2,PKM1,334,334,M,0.171
PKM,PKM2,PKM1,335,335,I,0.196
PKM,PKM2,PKM1,336,336,K,0.221
PKM,PKM2,PKM1,337,337,K,0.186
PKM,PKM2,PKM1,338,338,P,0.171
PKM,PKM2,PKM1,339,339,R,0.151
PKM,PKM2,PKM1,340,340,P,0.15
PKM,PKM2,PKM1,341,341,T,0.169
PKM,PKM2,PKM1,342,342,R,0.154
PKM,PKM2,PKM1,343,343,A,0.158
PKM,PKM2,PKM1,344,344,E,0.149
PKM,PKM2,PKM1,345,345,G,0.127
PKM,PKM2,PKM1,346,346,S,0.133
PKM,PKM2,PKM1,347,347,D,0.141
PKM,PKM2,PKM1,348,348,V,0.09
PKM,PKM2,PKM1,349,349,A,0.108
PKM,PKM2,PKM1,350,350,N,0.114
PKM,PKM2,PKM1,351,351,A,0.107
PKM,PKM2,PKM1,352,352,V,0.12
PKM,PKM2,PKM1,353,353,L,0.11
PKM,PKM2,PKM1,354,354,D,0.114
PKM,PKM2,PKM1,355,355,G,0.094
PKM,PKM2,PKM1,356,356,A,0.091
PKM,PKM2,PKM1,357,357,D,0.08
PKM,PKM2,PKM1,358,358,C,0.057
PKM,PKM2,PKM1,359,359,I,0.09
PKM,PKM2,PKM1,360,360,M,0.086
PKM,PKM2,PKM1,361,361,L,0.133
PKM,PKM2,PKM1,362,362,S,0.178
PKM,PKM2,PKM1,363,363,G,0.169
PKM,PKM2,PKM1,364,364,E,0.154
PKM,PKM2,PKM1,365,365,T,0.141
PKM,PKM2,PKM1,366,366,A,0.149
PKM,PKM2,PKM1,367,367,K,0.18
PKM,PKM2,PKM1,368,368,G,0.184
PKM,PKM2,PKM1,369,369,D,0.185
PKM,PKM2,PKM1,370,370,Y,0.169
PKM,PKM2,PKM1,371,371,P,0.142
PKM,PKM2,PKM1,372,372,L,0.132
PKM,PKM2,PKM1,373,373,E,0.145
PKM,PKM2,PKM1,374,374,A,0.136
PKM,PKM2,PKM1,375,375,V,0.102
PKM,PKM2,PKM1,376,376,R,0.1
PKM,PKM2,PKM1,377,377,M,0.106
PKM,PKM2,PKM1,378,378,Q,0.094
PKM,PKM2,PKM1,379,379,H,0.073
PKM,PKM2,PKM1,380,380,L,0.088
PKM,PKM2,PKM1,381,381,I,0.089
PKM,PKM2,PKM1,382,382,A,0.04
PKM,PKM2,PKM1,383,383,R,0.024
PKM,PKM2,PKM1,384,384,E,0.03
PKM,PKM2,PKM1,385,385,A,0.041
PKM,PKM2,PKM1,386,386,E,0.069
PKM,PKM2,PKM1,387,387,A,0.108
PKM,PKM2,PKM1,388,388,A,0.247
PKM,PKM2,PKM1,389,389,I,0.303
PKM,PKM2,PKM1,390,390,Y,0.208
PKM,PKM2,PKM1,391,391,H,0.587
PKM,PKM2,PKM1,392,392,L,0.968
PKM,PKM2,PKM1,393,393,Q,0.513
PKM,PKM2,PKM1,394,394,L,0.185
PKM,PKM2,PKM1,395,395,F,0.268
PKM,PKM2,PKM1,396,396,E,0.198
PKM,PKM2,PKM1,397,397,E,0.248
PKM,PKM2,PKM1,398,398,L,0.196
PKM,PKM2,PKM1,399,399,R,0.243
PKM,PKM2,PKM1,400,400,R,0.372
PKM,PKM2,PKM1,401,401,L,0.476
PKM,PKM2,PKM1,402,402,A,0.384
PKM,PKM2,PKM1,403,403,P,0.773
PKM,PKM2,PKM1,404,404,I,0.878
PKM,PKM2,PKM1,405,405,T,0.741
PKM,PKM2,PKM1,406,406,S,0.792
PKM,PKM2,PKM1,407,407,D,0.827
PKM,PKM2,PKM1,408,408,P,0.784
PKM,PKM2,PKM1,409,409,T,0.776
PKM,PKM2,PKM1,410,410,E,0.75
PKM,PKM2,PKM1,411,411,A,0.688
PKM,PKM2,PKM1,412,412,T,0.566
PKM,PKM2,PKM1,413,413,A,0.46
PKM,PKM2,PKM1,414,414,V,0.379
PKM,PKM2,PKM1,415,415,G,0.4
PKM,PKM2,PKM1,416,416,A,0.283
PKM,PKM2,PKM1,417,417,V,0.153
PKM,PKM2,PKM1,418,418,E,0.269
PKM,PKM2,PKM1,419,419,A,0.229
PKM,PKM2,PKM1,420,420,S,0.183
PKM,PKM2,PKM1,421,421,F,0.162
PKM,PKM2,PKM1,422,422,K,0.187
PKM,PKM2,PKM1,423,423,C,0.162
PKM,PKM2,PKM1,424,424,C,0.18
PKM,PKM2,PKM1,425,425,S,0.334
PKM,PKM2,PKM1,426,426,G,0.459
PKM,PKM2,PKM1,427,427,A,0.127
PKM,PKM2,PKM1,428,428,I,0.095
PKM,PKM2,PKM1,429,429,I,0.05
PKM,PKM2,PKM1,430,430,V,0.022
PKM,PKM2,PKM1,431,431,L,0.03
PKM,PKM2,PKM1,432,432,T,0.04
PKM,PKM2,PKM1,433,433,K,0.073
PKM,PKM2,PKM1,434,434,S,0.045
PKM,PKM2,PKM1,435,435,G,0.071
PKM,PKM2,PKM1,436,436,R,0.027
PKM,PKM2,PKM1,437,437,S,0.123
PKM,PKM2,PKM1,438,438,A,0.074
PKM,PKM2,PKM1,439,439,H,0.078
PKM,PKM2,PKM1,440,440,Q,0.123
PKM,PKM2,PKM1,441,441,V,0.054
PKM,PKM2,PKM1,442,442,A,0.059
PKM,PKM2,PKM1,443,443,R,0.099
PKM,PKM2,PKM1,444,444,Y,0.106
PKM,PKM2,PKM1,445,445,R,0.138
PKM,PKM2,PKM1,446,446,P,0.097
PKM,PKM2,PKM1,447,447,R,0.047
PKM,PKM2,PKM1,448,448,A,0.105
PKM,PKM2,PKM1,449,449,P,0.044
PKM,PKM2,PKM1,450,450,I,0.023
PKM,PKM2,PKM1,451,451,I,0.04
PKM,PKM2,PKM1,452,452,A,0.049
PKM,PKM2,PKM1,453,453,V,0.039
PKM,PKM2,PKM1,454,454,T,0.055
PKM,PKM2,PKM1,455,455,R,0.051
PKM,PKM2,PKM1,456,456,N,0.053
PKM,PKM2,PKM1,457,457,P,0.04
PKM,PKM2,PKM1,458,458,Q,0.022
PKM,PKM2,PKM1,459,459,T,0.021
PKM,PKM2,PKM1,460,460,A,0.032
PKM,PKM2,PKM1,461,461,R,0.05
PKM,PKM2,PKM1,462,462,Q,0.053
PKM,PKM2,PKM1,463,463,A,0.024
PKM,PKM2,PKM1,464,464,H,0.05
PKM,PKM2,PKM1,465,465,L,0.076
PKM,PKM2,PKM1,466,466,Y,0.063
PKM,PKM2,PKM1,467,467,R,0.109
PKM,PKM2,PKM1,468,468,G,0.066
PKM,PKM2,PKM1,469,469,I,0.029
PKM,PKM2,PKM1,470,470,F,0.02
PKM,PKM2,PKM1,471,471,P,0.04
PKM,PKM2,PKM1,472,472,V,0.054
PKM,PKM2,PKM1,473,473,L,0.066
PKM,PKM2,PKM1,474,474,C,0.067
PKM,PKM2,PKM1,475,475,K,0.116
PKM,PKM2,PKM1,476,476,D,0.138
PKM,PKM2,PKM1,477,477,P,0.156
PKM,PKM2,PKM1,478,478,V,0.125
PKM,PKM2,PKM1,479,479,Q,0.196
PKM,PKM2,PKM1,480,480,E,0.198
PKM,PKM2,PKM1,481,481,A,0.224
PKM,PKM2,PKM1,482,482,W,0.317
PKM,PKM2,PKM1,483,483,A,0.201
PKM,PKM2,PKM1,484,484,E,0.135
PKM,PKM2,PKM1,485,485,D,0.149
PKM,PKM2,PKM1,486,486,V,0.127
PKM,PKM2,PKM1,487,487,D,0.115
PKM,PKM2,PKM1,488,488,L,0.121
PKM,PKM2,PKM1,489,489,R,0.085
PKM,PKM2,PKM1,490,490,V,0.063
PKM,PKM2,PKM1,491,491,N,0.072
PKM,PKM2,PKM1,492,492,F,0.08
PKM,PKM2,PKM1,493,493,A,0.046
PKM,PKM2,PKM1,494,494,M,0.055
PKM,PKM2,PKM1,495,495,N,0.081
PKM,PKM2,PKM1,496,496,V,0.077
PKM,PKM2,PKM1,497,497,G,0.052
PKM,PKM2,PKM1,498,498,K,0.053
PKM,PKM2,PKM1,499,499,A,0.084
PKM,PKM2,PKM1,500,500,R,0.1
PKM,PKM2,PKM1,501,501,G,0.122
PKM,PKM2,PKM1,502,502,F,0.115
PKM,PKM2,PKM1,503,503,F,0.129
PKM,PKM2,PKM1,504,504,K,0.074
PKM,PKM2,PKM1,505,505,K,0.155
PKM,PKM2,PKM1,506,506,G,0.176
PKM,PKM2,PKM1,507,507,D,0.105
PKM,PKM2,PKM1,508,508,V,0.162
PKM,PKM2,PKM1,509,509,V,0.11
PKM,PKM2,PKM1,510,510,I,0.114
PKM,PKM2,PKM1,511,511,V,0.099
PKM,PKM2,PKM1,512,512,L,0.063
PKM,PKM2,PKM1,513,513,T,0.084
PKM,PKM2,PKM1,514,514,G,0.279
PKM,PKM2,PKM1,515,515,W,0.277
PKM,PKM2,PKM1,516,516,R,0.175
PKM,PKM2,PKM1,517,517,P,0.12
PKM,PKM2,PKM1,518,518,G,0.288
PKM,PKM2,PKM1,519,519,S,0.201
PKM,PKM2,PKM1,520,520,G,0.219
PKM,PKM2,PKM1,521,521,F,0.28
PKM,PKM2,PKM1,522,522,T,0.179
PKM,PKM2,PKM1,523,523,N,0.21
PKM,PKM2,PKM1,524,524,T,0.046
PKM,PKM2,PKM1,525,525,M,0.104
PKM,PKM2,PKM1,526,526,R,0.146
PKM,PKM2,PKM1,527,527,V,0.129
PKM,PKM2,PKM1,528,528,V,0.13
PKM,PKM2,PKM1,529,529,P,0.129
PKM,PKM2,PKM1,530,530,V,0.125
PKM,PKM2,PKM1,531,531,P,0.172
RAC1,RAC1,RAC1B,1,1,M,0.138
RAC1,RAC1,RAC1B,2,2,Q,0.21
RAC1,RAC1,RAC1B,3,3,A,0.224
RAC1,RAC1,RAC1B,4,4,I,0.275
RAC1,RAC1,RAC1B,5,5,K,0.27
RAC1,RAC1,RAC1B,6,6,C,0.355
RAC1,RAC1,RAC1B,7,7,V,0.377
RAC1,RAC1,RAC1B,8,8,V,0.239
RAC1,RAC1,RAC1B,9,9,V,0.251
RAC1,RAC1,RAC1B,10,10,G,0.211
RAC1,RAC1,RAC1B,11,11,D,0.184
RAC1,RAC1,RAC1B,12,12,G,0.132
RAC1,RAC1,RAC1B,13,13,A,0.041
RAC1,RAC1,RAC1B,14,14,V,0.1
RAC1,RAC1,RAC1B,15,15,G,0.079
RAC1,RAC1,RAC1B,16,16,K,0.069
RAC1,RAC1,RAC1B,17,17,T,0.09
RAC1,RAC1,RAC1B,18,18,C,0.072
RAC1,RAC1,RAC1B,19,19,L,0.041
RAC1,RAC1,RAC1B,20,20,L,0.063
RAC1,RAC1,RAC1B,21,21,I,0.101
RAC1,RAC1,RAC1B,22,22,S,0.146
RAC1,RAC1,RAC1B,23,23,Y,0.106
RAC1,RAC1,RAC1B,24,24,T,0.046
RAC1,RAC1,RAC1B,25,25,T,0.119
RAC1,RAC1,RAC1B,26,26,N,0.128
RAC1,RAC1,RAC1B,27,27,A,0.124
RAC1,RAC1,RAC1B,28,28,F,0.092
RAC1,RAC1,RAC1B,29,29,P,0.321
RAC1,RAC1,RAC1B,30,30,G,0.53
RAC1,RAC1,RAC1B,31,31,E,0.683
RAC1,RAC1,RAC1B,32,32,Y,0.598
RAC1,RAC1,RAC1B,33,33,I,0.486
RAC1,RAC1,RAC1B,34,34,P,0.348
RAC1,RAC1,RAC1B,35,35,T,0.384
RAC1,RAC1,RAC1B,36,36,V,0.574
RAC1,RAC1,RAC1B,37,37,F,0.535
RAC1,RAC1,RAC1B,38,38,D,0.349
RAC1,RAC1,RAC1B,39,39,N,0.284
RAC1,RAC1,RAC1B,40,40,Y,0.151
RAC1,RAC1,RAC1B,41,41,S,0.095
RAC1,RAC1,RAC1B,42,42,A,0.053
RAC1,RAC1,RAC1B,43,43,N,0.079
RAC1,RAC1,RAC1B,44,44,V,0.121
RAC1,RAC1,RAC1B,45,45,M,0.219
RAC1,RAC1,RAC1B,46,46,V,0.236
RAC1,RAC1,RAC1B,47,47,D,0.281
RAC1,RAC1,RAC1B,48,48,G,0.284
RAC1,RAC1,RAC1B,49,49,K,0.244
RAC1,RAC1,RAC1B,50,50,P,0.186
RAC1,RAC1,RAC1B,51,51,V,0.18
RAC1,RAC1,RAC1B,52,52,N,0.15
RAC1,RAC1,RAC1B,53,53,L,0.153
RAC1,RAC1,RAC1B,54,54,G,0.215
RAC1,RAC1,RAC1B,55,55,L,0.235
RAC1,RAC1,RAC1B,56,56,W,0.32
RAC1,RAC1,RAC1B,57,57,D,0.23
RAC1,RAC1,RAC1B,58,58,T,0.263
RAC1,RAC1,RAC1B,59,59,A,0.27
RAC1,RAC1,RAC1B,60,60,G,0.213
RAC1,RAC1,RAC1B,61,61,Q,0.257
RAC1,RAC1,RAC1B,62,62,E,0.26
RAC1,RAC1,RAC1B,63,63,D,0.272
RAC1,RAC1,RAC1B,64,64,Y,0.249
RAC1,RAC1,RAC1B,65,65,D,0.291
RAC1,RAC1,RAC1B,66,66,R,0.327
RAC1,RAC1,RAC1B,67,67,L,0.315
RAC1,RAC1,RAC1B,68,68,R,0.297
RAC1,RAC1,RAC1B,69,69,P,0.264
RAC1,RAC1,RAC1B,70,70,L,0.318
RAC1,RAC1,RAC1B,71,71,S,0.48
RAC1,RAC1,RAC1B,72,72,Y,0.31
RAC1,RAC1,RAC1B,73,73,P,1.638
RAC1,RAC1,RAC1B,74,74,Q,5.081
RAC1,RAC1,RAC1B,75,75,T,10.364
RAC1,RAC1,RAC1B,76,95,D,0.517
RAC1,RAC1,RAC1B,77,96,V,0.427
RAC1,RAC1,RAC1B,78,97,F,0.344
RAC1,RAC1,RAC1B,79,98,L,0.294
RAC1,RAC1,RAC1B,80,99,I,0.282
RAC1,RAC1,RAC1B,81,100,C,0.204
RAC1,RAC1,RAC1B,82,101,F,0.192
RAC1,RAC1,RAC1B,83,102,S,0.169
RAC1,RAC1,RAC1B,84,103,L,0.258
RAC1,RAC1,RAC1B,85,104,V,0.215
RAC1,RAC1,RAC1B,86,105,S,0.131
RAC1,RAC1,RAC1B,87,106,P,0.206
RAC1,RAC1,RAC1B,88,107,A,0.155
RAC1,RAC1,RAC1B,89,108,S,0.183
RAC1,RAC1,RAC1B,90,109,F,0.253
RAC1,RAC1,RAC1B,91,110,E,0.265
RAC1,RAC1,RAC1B,92,111,N,0.251
RAC1,RAC1,RAC1B,93,112,V,0.29
RAC1,RAC1,RAC1B,94,113,R,0.342
RAC1,RAC1,RAC1B,95,114,A,0.349
RAC1,RAC1,RAC1B,96,115,K,0.327
RAC1,RAC1,RAC1B,97,116,W,0.302
RAC1,RAC1,RAC1B,98,117,Y,0.379
RAC1,RAC1,RAC1B,99,118,P,0.426
RAC1,RAC1,RAC1B,100,119,E,0.404
RAC1,RAC1,RAC1B,101,120,V,0.411
RAC1,RAC1,RAC1B,102,121,R,0.54
RAC1,RAC1,RAC1B,103,122,H,0.576
RAC1,RAC1,RAC1B,104,123,H,0.531
RAC1,RAC1,RAC1B,105,124,C,0.56
RAC1,RAC1,RAC1B,106,125,P,0.636
RAC1,RAC1,RAC1B,107,126,N,0.53
RAC1,RAC1,RAC1B,108,127,T,0.509
RAC1,RAC1,RAC1B,109,128,P,0.45
RAC1,RAC1,RAC1B,110,129,I,0.363
RAC1,RAC1,RAC1B,111,130,I,0.357
RAC1,RAC1,RAC1B,112,131,L,0.324
RAC1,RAC1,RAC1B,113,132,V,0.26
RAC1,RAC1,RAC1B,114,133,G,0.276
RAC1,RAC1,RAC1B,115,134,T,0.154
RAC1,RAC1,RAC1B,116,135,K,0.164
RAC1,RAC1,RAC1B,117,136,L,0.25
RAC1,RAC1,RAC1B,118,137,D,0.269
RAC1,RAC1,RAC1B,119,138,L,0.261
RAC1,RAC1,RAC1B,120,139,R,0.309
RAC1,RAC1,RAC1B,121,140,D,0.402
RAC1,RAC1,RAC1B,122,141,D,0.386
RAC1,RAC1,RAC1B,123,142,K,0.493
RAC1,RAC1,RAC1B,124,143,D,0.463
RAC1,RAC1,RAC1B,125,144,T,0.382
RAC1,RAC1,RAC1B,126,145,I,0.444
RAC1,RAC1,RAC1B,127,146,E,0.517
RAC1,RAC1,RAC1B,128,147,K,0.426
RAC1,RAC1,RAC1B,129,148,L,0.361
RAC1,RAC1,RAC1B,130,149,K,0.484
RAC1,RAC1,RAC1B,131,150,E,0.483
RAC1,RAC1,RAC1B,132,151,K,0.35
RAC1,RAC1,RAC1B,133,152,K,0.418
RAC1,RAC1,RAC1B,134,153,L,0.361
RAC1,RAC1,RAC1B,135,154,T,0.374
RAC1,RAC1,RAC1B,136,155,P,0.336
RAC1,RAC1,RAC1B,137,156,I,0.347
RAC1,RAC1,RAC1B,138,157,T,0.428
RAC1,RAC1,RAC1B,139,158,Y,0.465
RAC1,RAC1,RAC1B,140,159,P,0.522
RAC1,RAC1,RAC1B,141,160,Q,0.446
RAC1,RAC1,RAC1B,142,161,G,0.402
RAC1,RAC1,RAC1B,143,162,L,0.476
RAC1,RAC1,RAC1B,144,163,A,0.514
RAC1,RAC1,RAC1B,145,164,M,0.443
RAC1,RAC1,RAC1B,146,165,A,0.448
RAC1,RAC1,RAC1B,147,166,K,0.527
RAC1,RAC1,RAC1B,148,167,E,0.513
RAC1,RAC1,RAC1B,149,168,I,0.477
RAC1,RAC1,RAC1B,150,169,G,0.514
RAC1,RAC1,RAC1B,151,170,A,0.446
RAC1,RAC1,RAC1B,152,171,V,0.452
RAC1,RAC1,RAC1B,153,172,K,0.391
RAC1,RAC1,RAC1B,154,173,Y,0.386
RAC1,RAC1,RAC1B,155,174,L,0.333
RAC1,RAC1,RAC1B,156,175,E,0.321
RAC1,RAC1,RAC1B,157,176,C,0.246
RAC1,RAC1,RAC1B,158,177,S,0.205
RAC1,RAC1,RAC1B,159,178,A,0.152
RAC1,RAC1,RAC1B,160,179,L,0.214
RAC1,RAC1,RAC1B,161,180,T,0.285
RAC1,RAC1,RAC1B,162,181,Q,0.29
RAC1,RAC1,RAC1B,163,182,R,0.323
RAC1,RAC1,RAC1B,164,183,G,0.311
RAC1,RAC1,RAC1B,165,184,L,0.203
RAC1,RAC1,RAC1B,166,185,K,0.241
RAC1,RAC1,RAC1B,167,186,T,0.263
RAC1,RAC1,RAC1B,168,187,V,0.222
RAC1,RAC1,RAC1B,169,188,F,0.192
RAC1,RAC1,RAC1B,170,189,D,0.268
RAC1,RAC1,RAC1B,171,190,E,0.305
RAC1,RAC1,RAC1B,172,191,A,0.282
RAC1,RAC1,RAC1B,173,192,I,0.28
RAC1,RAC1,RAC1B,174,193,R,0.328
RAC1,RAC1,RAC1B,175,194,A,0.383
RAC1,RAC1,RAC1B,176,195,V,0.36
RAC1,RAC1,RAC1B,177,196,L,0.307
RAC1,RAC1,RAC1B,178,197,C,0.254
RAC1,RAC1,RAC1B,179,198,P,0.091
RAC1,RAC1,RAC1B,180,199,P,0.12
RAC1,RAC1,RAC1B,181,200,P,0.234
RAC1,RAC1,RAC1B,182,201,V,0.389
RAC1,RAC1,RAC1B,183,202,K,0.556
RAC1,RAC1,RAC1B,184,203,K,0.47
RAC1,RAC1,RAC1B,185,204,R,1.073
RAC1,RAC1,RAC1B,186,205,K,0.948
RAC1,RAC1,RAC1B,187,206,R,1.164
RAC1,RAC1,RAC1B,188,207,K,1.836
RAC1,RAC1,RAC1B,189,208,C,1.252
RAC1,RAC1,RAC1B,190,209,L,2.455
RAC1,RAC1,RAC1B,191,210,L,2.026
RAC1,RAC1,RAC1B,192,211,L,3.209
